ID,X,Y,bio17,bio16,bio10,bio6,bio2,dataType
1,1299630,5894292.387,12,279,168,-346,150,absence
2,1289630,5889292.387,14,291,160,-355,151,absence
3,1129630,5864292.387,15,290,148,-370,155,absence
4,1149630,5854292.387,16,297,145,-374,155,absence
5,1104630,5804292.387,16,303,140,-374,157,absence
6,1439630,5789292.387,17,311,167,-343,138,absence
7,1354630,5779292.387,15,314,159,-354,149,absence
8,1284630,5769292.387,15,314,152,-365,155,absence
9,1379630,5759292.387,15,318,160,-352,147,absence
10,1369630,5744292.387,15,315,162,-350,149,absence
11,1424630,5739292.387,15,334,154,-353,141,absence
12,1124630,5734292.387,15,292,153,-363,158,absence
13,1359630,5734292.387,15,322,158,-354,150,absence
14,1539630,5699292.387,14,322,180,-317,127,absence
15,1344630,5694292.387,15,353,140,-369,152,absence
16,1549630,5684292.387,14,333,177,-317,126,absence
17,1484630,5644292.387,13,330,171,-328,136,absence
18,1559630,5644292.387,14,335,181,-308,127,absence
19,1139630,5609292.387,15,310,144,-363,154,absence
20,1314630,5574292.387,14,342,155,-348,157,absence
21,1054630,5564292.387,13,284,163,-341,142,absence
22,1384630,5564292.387,11,334,171,-335,153,absence
23,1679630,5554292.387,18,357,191,-301,131,absence
24,1414630,5549292.387,11,334,176,-329,148,absence
25,1639630,5544292.387,15,353,182,-304,138,absence
26,1789630,5539292.387,23,386,182,-325,127,absence
27,1544630,5534292.387,14,353,172,-316,133,absence
28,1319630,5534292.387,13,344,160,-338,156,absence
29,1604630,5524292.387,14,361,171,-313,137,absence
30,1069630,5519292.387,11,268,174,-328,138,absence
31,1694630,5514292.387,18,389,177,-315,133,absence
32,1049630,5494292.387,11,258,179,-323,135,absence
33,1859630,5489292.387,19,364,193,-298,123,absence
34,1599630,5484292.387,14,360,176,-308,134,absence
35,1109630,5464292.387,14,290,158,-328,133,absence
36,1684630,5459292.387,17,393,177,-310,133,absence
37,2109630,5449292.387,27,334,201,-258,106,absence
38,1754630,5439292.387,18,410,182,-311,133,absence
39,1119630,5434292.387,12,273,172,-309,131,absence
40,994630,5434292.387,9,239,182,-318,133,absence
41,1024630,5429292.387,10,246,181,-317,131,absence
42,1824630,5429292.387,21,435,165,-321,127,absence
43,2109630,5424292.387,26,329,201,-255,106,absence
44,1029630,5424292.387,10,246,179,-317,131,absence
45,1414630,5419292.387,10,336,187,-303,140,absence
46,1324630,5409292.387,11,350,169,-294,138,absence
47,1494630,5409292.387,11,328,195,-289,127,absence
48,2054630,5409292.387,21,322,202,-252,103,absence
49,1674630,5404292.387,14,394,180,-304,128,absence
50,1149630,5349292.387,15,310,149,-308,128,absence
51,1229630,5329292.387,13,332,162,-267,122,absence
52,904630,5329292.387,5,196,195,-279,128,absence
53,-1400370,5319292.387,20,57,214,-184,114,absence
54,1349630,5314292.387,8,317,195,-255,122,absence
55,1029630,5309292.387,10,216,183,-304,134,absence
56,1774630,5309292.387,19,422,183,-301,129,absence
57,1924630,5309292.387,19,331,205,-248,117,absence
58,-1420370,5304292.387,20,63,208,-188,114,absence
59,1754630,5304292.387,17,408,190,-293,129,absence
60,1369630,5299292.387,8,306,203,-248,118,absence
61,2044630,5294292.387,19,350,187,-253,111,absence
62,1044630,5294292.387,10,219,179,-305,135,absence
63,1999630,5294292.387,19,337,196,-244,111,absence
64,-1315370,5289292.387,21,57,214,-200,120,absence
65,1624630,5284292.387,10,350,204,-269,116,absence
66,1534630,5279292.387,8,317,207,-263,118,absence
67,-1280370,5274292.387,25,61,204,-217,123,absence
68,1774630,5274292.387,19,410,190,-293,128,absence
69,1004630,5269292.387,8,196,185,-301,136,absence
70,2134630,5264292.387,24,308,200,-237,105,absence
71,1774630,5264292.387,19,412,188,-293,127,absence
72,1119630,5259292.387,16,289,148,-317,135,absence
73,1419630,5259292.387,8,296,212,-238,105,absence
74,1289630,5254292.387,10,317,189,-244,120,absence
75,2164630,5234292.387,32,309,199,-230,106,absence
76,-1155370,5234292.387,9,82,132,-259,127,absence
77,-1625370,5229292.387,40,99,211,-193,124,absence
78,1349630,5219292.387,7,299,208,-231,116,absence
79,1844630,5209292.387,19,364,206,-267,125,absence
80,1989630,5209292.387,19,327,205,-226,114,absence
81,-1305370,5174292.387,17,52,221,-207,125,absence
82,-1430370,5174292.387,13,78,190,-186,119,absence
83,1189630,5149292.387,13,298,177,-267,132,absence
84,-1170370,5144292.387,24,59,198,-253,142,absence
85,1499630,5144292.387,7,295,217,-238,118,absence
86,-1720370,5139292.387,38,201,110,-254,108,absence
87,1309630,5114292.387,7,323,204,-227,121,absence
88,-1590370,5109292.387,16,102,201,-207,112,absence
89,1294630,5099292.387,7,321,204,-225,122,absence
90,1149630,5084292.387,12,295,168,-276,136,absence
91,-1550370,5084292.387,12,52,270,-179,115,absence
92,-1570370,5069292.387,13,57,261,-183,114,absence
93,1804630,5054292.387,21,418,195,-266,131,absence
94,-1490370,5054292.387,13,50,262,-170,117,absence
95,1249630,5049292.387,8,313,200,-225,125,absence
96,-1840370,5049292.387,40,228,111,-245,111,absence
97,1784630,5049292.387,21,421,199,-263,131,absence
98,1769630,5044292.387,19,418,203,-260,131,absence
99,979630,5034292.387,9,204,178,-287,139,absence
100,-1110370,5034292.387,16,51,198,-232,141,absence
101,-1130370,5029292.387,17,69,176,-222,133,absence
102,-1415370,5019292.387,16,55,249,-173,117,absence
103,1264630,5019292.387,6,310,207,-214,124,absence
104,-1515370,5019292.387,13,51,268,-169,115,absence
105,1229630,5019292.387,7,300,205,-218,126,absence
106,1119630,5014292.387,10,285,172,-266,137,absence
107,1869630,5009292.387,20,388,189,-255,128,absence
108,-1435370,5009292.387,16,55,254,-169,117,absence
109,-1470370,5004292.387,14,52,261,-166,116,absence
110,1694630,5004292.387,17,411,211,-252,126,absence
111,-1805370,4999292.387,29,231,104,-253,106,absence
112,-1695370,4994292.387,14,56,234,-200,116,absence
113,-1555370,4979292.387,15,54,264,-169,115,absence
114,2069630,4974292.387,26,357,173,-203,104,absence
115,1959630,4974292.387,16,334,196,-225,124,absence
116,-1765370,4964292.387,22,253,65,-281,97,absence
117,-1325370,4964292.387,22,65,234,-194,122,absence
118,1279630,4954292.387,5,297,221,-192,122,absence
119,-1100370,4949292.387,11,79,167,-212,128,absence
120,1619630,4949292.387,14,401,217,-232,118,absence
121,-1695370,4944292.387,18,263,34,-301,89,absence
122,809630,4929292.387,9,193,164,-274,135,absence
123,2044630,4929292.387,27,411,152,-226,107,absence
124,1634630,4929292.387,15,415,217,-232,119,absence
125,-1875370,4924292.387,31,171,180,-185,126,absence
126,1584630,4924292.387,12,386,219,-218,114,absence
127,974630,4924292.387,9,216,183,-262,136,absence
128,1199630,4914292.387,6,308,199,-209,129,absence
129,1859630,4904292.387,18,391,188,-236,129,absence
130,-1515370,4894292.387,11,95,210,-175,110,absence
131,-1045370,4884292.387,5,46,214,-209,137,absence
132,1854630,4879292.387,19,402,185,-239,129,absence
133,1839630,4874292.387,21,411,186,-242,130,absence
134,1589630,4869292.387,15,406,217,-223,116,absence
135,864630,4864292.387,8,194,179,-270,139,absence
136,1969630,4864292.387,16,329,202,-195,124,absence
137,-1510370,4859292.387,8,173,118,-219,105,absence
138,1459630,4859292.387,10,318,224,-205,120,absence
139,739630,4859292.387,6,169,179,-273,138,absence
140,-840370,4854292.387,3,39,228,-199,141,absence
141,-1055370,4844292.387,5,57,204,-204,133,absence
142,1349630,4844292.387,7,277,224,-200,127,absence
143,-1340370,4839292.387,10,175,70,-255,113,absence
144,1319630,4829292.387,6,281,223,-191,126,absence
145,-1250370,4824292.387,14,82,190,-217,131,absence
146,549630,4824292.387,3,104,201,-248,139,absence
147,-880370,4819292.387,3,35,242,-190,142,absence
148,-1310370,4819292.387,12,117,148,-219,121,absence
149,-1820370,4814292.387,12,225,61,-282,104,absence
150,-810370,4814292.387,3,30,241,-190,143,absence
151,-1765370,4814292.387,11,217,62,-284,98,absence
152,-1440370,4804292.387,7,138,155,-189,118,absence
153,1274630,4804292.387,6,283,224,-179,127,absence
154,579630,4804292.387,3,112,197,-252,137,absence
155,-1925370,4804292.387,13,213,83,-261,114,absence
156,-830370,4799292.387,3,24,260,-182,146,absence
157,1914630,4799292.387,26,414,167,-227,125,absence
158,-1860370,4794292.387,12,223,51,-289,107,absence
159,-845370,4789292.387,3,22,261,-180,146,absence
160,-815370,4779292.387,3,18,267,-177,148,absence
161,-1160370,4779292.387,8,125,101,-240,124,absence
162,1644630,4779292.387,27,483,208,-243,128,absence
163,699630,4774292.387,5,151,194,-255,136,absence
164,554630,4769292.387,4,96,205,-252,142,absence
165,-1175370,4764292.387,8,101,133,-226,128,absence
166,-1525370,4764292.387,4,179,87,-238,108,absence
167,894630,4754292.387,8,217,176,-260,136,absence
168,-1505370,4754292.387,3,148,142,-189,120,absence
169,-1080370,4754292.387,3,40,224,-186,134,absence
170,-1460370,4754292.387,5,179,69,-250,113,absence
171,559630,4749292.387,3,93,210,-250,141,absence
172,639630,4749292.387,4,126,204,-243,136,absence
173,1804630,4744292.387,32,487,186,-258,130,absence
174,1214630,4734292.387,5,277,219,-177,132,absence
175,-890370,4734292.387,6,108,131,-212,128,absence
176,-1210370,4734292.387,5,27,259,-178,146,absence
177,-1495370,4734292.387,2,138,150,-182,124,absence
178,1024630,4724292.387,6,270,193,-201,128,absence
179,-2085370,4724292.387,11,68,218,-141,136,absence
180,-2215370,4719292.387,10,119,87,-254,113,absence
181,-1390370,4719292.387,5,94,178,-185,128,absence
182,-835370,4714292.387,5,81,148,-197,128,absence
183,-1720370,4714292.387,4,93,169,-206,116,absence
184,-1935370,4709292.387,6,69,209,-169,145,absence
185,-1100370,4699292.387,1,13,293,-152,147,absence
186,1334630,4694292.387,9,319,223,-177,122,absence
187,1839630,4694292.387,34,480,176,-249,127,absence
188,-820370,4694292.387,3,70,156,-191,129,absence
189,-1185370,4694292.387,2,19,274,-163,148,absence
190,1364630,4694292.387,9,329,225,-180,120,absence
191,1424630,4689292.387,11,346,231,-179,118,absence
192,1434630,4689292.387,11,351,232,-178,117,absence
193,894630,4684292.387,8,227,174,-250,131,absence
194,-1660370,4684292.387,4,41,243,-149,129,absence
195,919630,4684292.387,9,239,171,-247,130,absence
196,-1940370,4679292.387,3,42,236,-151,151,absence
197,-2235370,4679292.387,8,102,107,-238,116,absence
198,-1220370,4674292.387,1,8,308,-140,154,absence
199,-1815370,4669292.387,4,34,252,-146,153,absence
200,-1330370,4664292.387,5,48,220,-176,140,absence
201,-1095370,4659292.387,1,18,271,-158,147,absence
202,-2200370,4659292.387,4,81,186,-160,127,absence
203,-945370,4659292.387,3,20,262,-171,150,absence
204,-2495370,4654292.387,16,78,167,-181,117,absence
205,-1030370,4654292.387,1,9,304,-145,152,absence
206,-2275370,4654292.387,6,57,214,-148,129,absence
207,-940370,4649292.387,3,17,267,-168,151,absence
208,-2340370,4649292.387,9,53,206,-159,126,absence
209,1529630,4649292.387,25,466,234,-177,116,absence
210,1314630,4649292.387,8,330,221,-171,121,absence
211,1589630,4644292.387,32,576,203,-224,126,absence
212,-2065370,4639292.387,3,33,240,-135,146,absence
213,-1065370,4639292.387,1,21,260,-162,147,absence
214,1189630,4634292.387,8,305,207,-185,130,absence
215,-2570370,4634292.387,28,80,120,-215,109,absence
216,-1750370,4629292.387,3,29,256,-145,147,absence
217,-760370,4629292.387,3,38,210,-178,144,absence
218,-2055370,4629292.387,3,31,242,-137,147,absence
219,-1635370,4629292.387,3,31,252,-137,133,absence
220,-1895370,4624292.387,3,31,248,-149,156,absence
221,-2000370,4619292.387,0,28,240,-147,153,absence
222,999630,4614292.387,9,309,156,-233,125,absence
223,-2230370,4604292.387,4,46,227,-139,134,absence
224,-510370,4604292.387,3,35,218,-182,150,absence
225,-1840370,4599292.387,2,26,255,-146,156,absence
226,-1640370,4599292.387,3,28,254,-137,137,absence
227,-2170370,4599292.387,1,36,247,-126,140,absence
228,-935370,4594292.387,3,20,254,-165,151,absence
229,-1265370,4589292.387,2,21,253,-160,152,absence
230,1719630,4589292.387,41,609,224,-181,118,absence
231,1064630,4589292.387,9,317,186,-195,126,absence
232,-340370,4589292.387,0,28,238,-180,149,absence
233,1684630,4584292.387,40,633,223,-181,119,absence
234,-600370,4584292.387,3,43,201,-187,149,absence
235,-1540370,4579292.387,3,27,257,-130,137,absence
236,644630,4574292.387,7,163,196,-215,129,absence
237,1264630,4574292.387,7,351,236,-177,138,absence
238,1644630,4574292.387,40,684,213,-196,120,absence
239,-1920370,4569292.387,0,25,248,-148,158,absence
240,529630,4569292.387,6,128,202,-226,133,absence
241,-1820370,4569292.387,1,23,257,-145,157,absence
242,409630,4569292.387,6,128,211,-198,130,absence
243,-2015370,4564292.387,0,24,245,-144,154,absence
244,-1905370,4564292.387,0,24,250,-148,158,absence
245,1454630,4564292.387,21,419,236,-154,105,absence
246,-1715370,4559292.387,2,23,256,-142,148,absence
247,834630,4559292.387,10,238,174,-222,118,absence
248,164630,4539292.387,3,73,219,-184,129,absence
249,-1595370,4539292.387,1,22,257,-135,143,absence
250,-2400370,4539292.387,7,21,255,-107,133,absence
251,1509630,4539292.387,29,516,213,-173,107,absence
252,554630,4534292.387,6,147,190,-230,130,absence
253,-420370,4529292.387,0,28,236,-171,148,absence
254,-1260370,4529292.387,2,30,216,-177,151,absence
255,1469630,4529292.387,25,444,231,-152,101,absence
256,-745370,4524292.387,3,54,175,-191,145,absence
257,-1320370,4524292.387,1,22,246,-161,156,absence
258,-2000370,4524292.387,0,22,247,-144,155,absence
259,-1130370,4519292.387,1,15,262,-152,155,absence
260,-790370,4519292.387,3,45,191,-183,146,absence
261,-1135370,4514292.387,1,15,261,-152,155,absence
262,1459630,4514292.387,26,440,228,-152,99,absence
263,-475370,4509292.387,3,33,229,-168,147,absence
264,-280370,4504292.387,0,24,253,-174,150,absence
265,-1095370,4504292.387,1,14,263,-150,157,absence
266,124630,4504292.387,3,67,220,-180,128,absence
267,1604630,4504292.387,35,662,220,-154,106,absence
268,349630,4499292.387,7,162,181,-211,127,absence
269,869630,4499292.387,12,274,165,-220,117,absence
270,-595370,4499292.387,3,48,198,-176,145,absence
271,-2055370,4499292.387,0,20,248,-135,149,absence
272,-635370,4494292.387,4,71,154,-201,142,absence
273,529630,4494292.387,7,163,188,-226,130,absence
274,-465370,4489292.387,3,36,224,-169,146,absence
275,1049630,4484292.387,8,379,226,-158,129,absence
276,19629.99999,4479292.387,0,47,245,-169,137,absence
277,-2290370,4479292.387,2,23,249,-118,139,absence
278,1559630,4479292.387,35,563,214,-150,99,absence
279,1539630,4479292.387,33,531,218,-147,98,absence
280,-2055370,4474292.387,0,20,249,-133,149,absence
281,-1440370,4469292.387,0,21,257,-156,163,absence
282,1079630,4464292.387,10,403,234,-149,126,absence
283,-75370.00002,4464292.387,0,39,252,-169,144,absence
284,-2480370,4464292.387,5,31,101,-238,109,absence
285,-195370,4464292.387,0,27,256,-172,152,absence
286,-180370,4459292.387,0,29,250,-174,151,absence
287,-1065370,4459292.387,1,18,239,-159,158,absence
288,-1775370,4459292.387,0,17,254,-148,160,absence
289,-970370,4459292.387,3,22,224,-167,157,absence
290,134630,4459292.387,3,90,189,-193,122,absence
291,-2110370,4454292.387,0,21,251,-127,144,absence
292,-1640370,4444292.387,0,18,256,-143,155,absence
293,-235370,4444292.387,0,27,248,-174,150,absence
294,-255370,4439292.387,0,29,246,-174,150,absence
295,1099630,4439292.387,11,452,224,-152,123,absence
296,-1245370,4434292.387,0,14,265,-143,161,absence
297,-1400370,4429292.387,0,18,259,-153,163,absence
298,884630,4429292.387,11,278,213,-163,120,absence
299,694630,4429292.387,9,236,191,-183,130,absence
300,-50370.00002,4424292.387,0,48,238,-172,138,absence
301,1154630,4424292.387,11,511,219,-152,120,absence
302,-1470370,4419292.387,0,18,260,-149,162,absence
303,-2380370,4419292.387,3,20,244,-111,136,absence
304,-2150370,4419292.387,1,20,250,-121,139,absence
305,-200370,4419292.387,0,37,236,-179,149,absence
306,-1575370,4419292.387,0,18,256,-144,157,absence
307,-2555370,4419292.387,7,28,89,-238,102,absence
308,949630,4414292.387,11,385,214,-154,124,absence
309,-335370,4414292.387,0,30,244,-169,150,absence
310,-1220370,4414292.387,0,13,266,-140,162,absence
311,684630,4414292.387,10,246,185,-188,131,absence
312,414630,4409292.387,9,205,187,-201,125,absence
313,-1065370,4399292.387,0,12,257,-144,163,absence
314,409630,4399292.387,9,206,190,-197,124,absence
315,604630,4399292.387,10,260,190,-190,129,absence
316,964630,4394292.387,11,421,249,-110,120,absence
317,-1505370,4394292.387,0,18,258,-147,161,absence
318,-1690370,4384292.387,0,16,250,-151,161,absence
319,-1180370,4384292.387,0,12,266,-137,163,absence
320,-2360370,4379292.387,2,20,242,-113,137,absence
321,-2135370,4379292.387,1,20,252,-117,138,absence
322,94629.99999,4379292.387,3,85,202,-184,128,absence
323,-760370,4374292.387,3,29,233,-161,153,absence
324,-1890370,4374292.387,0,15,251,-146,162,absence
325,-910370,4369292.387,3,19,238,-151,162,absence
326,604630,4369292.387,10,273,191,-187,130,absence
327,-2525370,4364292.387,5,23,107,-225,106,absence
328,149630,4364292.387,2,84,230,-163,134,absence
329,289630,4364292.387,5,153,219,-171,131,absence
330,-240370,4359292.387,0,37,237,-173,150,absence
331,-795370,4359292.387,3,29,230,-161,155,absence
332,1444630,4359292.387,31,416,227,-103,78,absence
333,559630,4354292.387,11,274,201,-187,132,absence
334,-1795370,4349292.387,0,14,250,-153,167,absence
335,-460370,4339292.387,3,44,225,-156,145,absence
336,-1370370,4339292.387,0,16,263,-141,164,absence
337,1089630,4334292.387,13,465,246,-110,112,absence
338,834630,4329292.387,17,329,163,-204,120,absence
339,-1520370,4329292.387,0,18,255,-145,162,absence
340,-1805370,4324292.387,0,14,249,-154,168,absence
341,-190370,4314292.387,0,50,220,-180,146,absence
342,-1880370,4309292.387,0,15,250,-147,165,absence
343,-1960370,4309292.387,0,18,251,-133,156,absence
344,884630,4309292.387,13,459,248,-111,122,absence
345,-10370.00002,4304292.387,1,69,217,-177,137,absence
346,-1685370,4304292.387,0,16,244,-154,165,absence
347,1044630,4299292.387,13,423,251,-94,104,absence
348,674630,4299292.387,9,264,207,-167,134,absence
349,-1385370,4299292.387,0,20,242,-151,162,absence
350,-1465370,4294292.387,0,19,258,-141,163,absence
351,729630,4294292.387,14,249,202,-172,133,absence
352,-1870370,4294292.387,0,16,248,-149,167,absence
353,-740370,4294292.387,5,79,119,-226,142,absence
354,-170370,4294292.387,0,58,211,-182,144,absence
355,-1125370,4294292.387,0,22,174,-186,160,absence
356,-2115370,4294292.387,2,19,254,-105,134,absence
357,-1635370,4289292.387,0,16,247,-149,164,absence
358,894630,4289292.387,12,479,250,-107,120,absence
359,-2360370,4284292.387,2,22,111,-233,122,absence
360,29629.99999,4284292.387,2,71,229,-170,142,absence
361,234630,4279292.387,5,148,210,-171,132,absence
362,-775370,4279292.387,5,100,73,-258,140,absence
363,-920370,4274292.387,3,43,110,-237,156,absence
364,-1920370,4269292.387,0,19,245,-141,161,absence
365,624630,4264292.387,12,295,184,-182,131,absence
366,-1290370,4264292.387,1,63,76,-246,144,absence
367,-1955370,4264292.387,0,19,243,-138,156,absence
368,-1380370,4259292.387,1,49,122,-219,149,absence
369,-305370,4259292.387,2,61,213,-172,150,absence
370,1044630,4259292.387,13,410,254,-85,100,absence
371,559630,4254292.387,11,290,206,-181,141,absence
372,-895370,4254292.387,3,42,121,-230,156,absence
373,229630,4254292.387,5,156,203,-175,132,absence
374,-560370,4254292.387,4,124,132,-212,134,absence
375,984630,4249292.387,13,393,257,-85,104,absence
376,-255370,4239292.387,2,60,216,-172,149,absence
377,-1425370,4234292.387,1,56,107,-230,148,absence
378,-550370,4229292.387,6,258,-4,-308,122,absence
379,-1135370,4219292.387,0,25,150,-195,159,absence
380,244630,4219292.387,5,168,208,-171,135,absence
381,959630,4214292.387,14,362,261,-88,107,absence
382,-1590370,4214292.387,0,54,104,-240,148,absence
383,139630,4209292.387,4,114,224,-159,136,absence
384,-400370,4209292.387,5,74,206,-165,153,absence
385,-2475370,4209292.387,6,21,95,-237,110,absence
386,-2260370,4204292.387,2,17,149,-196,133,absence
387,379630,4204292.387,7,254,210,-163,127,absence
388,-680370,4204292.387,5,153,53,-272,134,absence
389,-670370,4199292.387,5,179,29,-288,130,absence
390,79629.99999,4199292.387,5,126,200,-172,131,absence
391,159630,4199292.387,4,121,227,-155,136,absence
392,-2475370,4189292.387,7,27,49,-275,106,absence
393,929630,4189292.387,13,343,264,-90,111,absence
394,-745370,4189292.387,5,98,90,-246,141,absence
395,-2425370,4184292.387,6,31,32,-293,111,absence
396,-890370,4184292.387,3,38,128,-224,157,absence
397,-1525370,4179292.387,1,58,101,-236,148,absence
398,-2285370,4174292.387,2,21,119,-222,133,absence
399,79629.99999,4169292.387,9,214,107,-217,111,absence
400,-80370.00002,4164292.387,2,75,225,-161,144,absence
401,-285370,4164292.387,4,123,171,-180,139,absence
402,-1650370,4159292.387,1,54,102,-241,149,absence
403,-2390370,4159292.387,4,32,42,-286,117,absence
404,-1325370,4159292.387,1,63,82,-237,146,absence
405,1069630,4159292.387,16,413,254,-83,109,absence
406,-2205370,4154292.387,2,16,152,-190,137,absence
407,154630,4149292.387,5,135,216,-156,133,absence
408,-930370,4149292.387,0,22,159,-201,163,absence
409,-1405370,4149292.387,1,78,51,-265,143,absence
410,-1425370,4144292.387,1,81,45,-270,142,absence
411,-1910370,4139292.387,1,26,190,-171,156,absence
412,-915370,4139292.387,0,24,159,-200,161,absence
413,604630,4134292.387,13,299,189,-172,131,absence
414,-5370.000015,4134292.387,3,98,225,-155,141,absence
415,824630,4129292.387,13,335,261,-84,118,absence
416,979630,4124292.387,15,333,266,-79,102,absence
417,629630,4114292.387,12,293,186,-168,129,absence
418,434630,4114292.387,10,277,211,-162,135,absence
419,-275370,4114292.387,4,146,170,-172,137,absence
420,-2185370,4109292.387,0,23,103,-235,139,absence
421,-2050370,4104292.387,1,25,118,-223,144,absence
422,484630,4104292.387,11,298,221,-155,138,absence
423,-425370,4089292.387,5,254,57,-243,124,absence
424,414630,4084292.387,10,268,226,-150,139,absence
425,-1180370,4079292.387,1,75,58,-250,146,absence
426,-1365370,4079292.387,1,78,66,-248,145,absence
427,-485370,4079292.387,6,239,41,-264,126,absence
428,719630,4079292.387,10,301,197,-146,126,absence
429,19629.99999,4079292.387,4,116,218,-151,139,absence
430,1184630,4079292.387,24,388,254,-82,116,absence
431,-2025370,4074292.387,1,37,65,-269,142,absence
432,1194630,4074292.387,24,390,255,-82,115,absence
433,-1965370,4074292.387,2,44,55,-277,142,absence
434,1389630,4074292.387,31,462,231,-68,79,absence
435,-1095370,4069292.387,0,34,144,-194,159,absence
436,-1230370,4069292.387,1,84,48,-258,145,absence
437,754630,4069292.387,13,343,212,-129,125,absence
438,-2335370,4064292.387,4,37,40,-284,127,absence
439,-500370,4064292.387,6,219,53,-255,129,absence
440,-1335370,4064292.387,1,77,70,-242,146,absence
441,-735370,4059292.387,7,102,107,-229,141,absence
442,-1795370,4059292.387,2,59,52,-274,144,absence
443,-460370,4059292.387,6,245,47,-254,126,absence
444,-1935370,4059292.387,2,48,48,-281,142,absence
445,449630,4054292.387,10,292,220,-144,136,absence
446,-2025370,4049292.387,2,56,7,-316,137,absence
447,-1340370,4044292.387,1,82,66,-246,146,absence
448,-465370,4044292.387,6,240,47,-254,126,absence
449,-320370,4039292.387,6,279,98,-201,123,absence
450,-1875370,4039292.387,2,54,46,-278,143,absence
451,-2255370,4039292.387,3,29,71,-260,138,absence
452,-1080370,4039292.387,0,36,147,-192,158,absence
453,-1060370,4029292.387,0,34,149,-192,159,absence
454,-2020370,4029292.387,2,50,23,-301,139,absence
455,174630,4024292.387,7,179,202,-144,129,absence
456,374630,4019292.387,9,275,209,-147,131,absence
457,-2135370,4019292.387,3,47,16,-309,137,absence
458,799630,4019292.387,15,373,250,-88,121,absence
459,-1455370,4014292.387,2,94,34,-274,142,absence
460,-1615370,4014292.387,2,86,20,-291,140,absence
461,-1865370,4014292.387,2,54,54,-270,144,absence
462,-1790370,4009292.387,2,62,47,-273,143,absence
463,-270370,3999292.387,8,268,136,-169,126,absence
464,-660370,3994292.387,9,108,157,-181,145,absence
465,559630,3989292.387,14,316,208,-132,126,absence
466,379630,3989292.387,9,282,199,-145,127,absence
467,-380370,3984292.387,4,247,97,-207,130,absence
468,29629.99999,3979292.387,6,161,188,-151,129,absence
469,64629.99999,3979292.387,6,155,213,-136,136,absence
470,-40370.00002,3974292.387,5,136,199,-149,132,absence
471,-870370,3974292.387,0,30,172,-174,153,absence
472,-1720370,3974292.387,2,80,18,-293,141,absence
473,-2265370,3964292.387,3,45,28,-293,135,absence
474,479630,3959292.387,12,305,222,-124,127,absence
475,-160370,3959292.387,10,231,142,-162,121,absence
476,-45370.00002,3954292.387,6,158,178,-154,125,absence
477,609630,3954292.387,18,349,176,-148,118,absence
478,604630,3954292.387,16,327,204,-127,124,absence
479,824630,3949292.387,16,360,263,-77,118,absence
480,1269630,3949292.387,33,467,242,-66,90,absence
481,-1920370,3949292.387,3,56,44,-273,143,absence
482,819630,3944292.387,15,366,263,-77,119,absence
483,-1155370,3944292.387,2,122,37,-263,144,absence
484,-230370,3944292.387,10,304,76,-201,114,absence
485,-1365370,3944292.387,2,109,38,-265,143,absence
486,-370.000015,3944292.387,6,163,185,-148,125,absence
487,-100370,3944292.387,6,183,173,-154,126,absence
488,-1930370,3939292.387,3,54,46,-269,143,absence
489,-725370,3934292.387,10,107,171,-165,146,absence
490,674630,3934292.387,18,349,216,-124,129,absence
491,-415370,3934292.387,4,202,113,-205,140,absence
492,-2120370,3934292.387,3,45,41,-280,143,absence
493,139630,3929292.387,9,232,182,-137,119,absence
494,-1790370,3929292.387,3,67,53,-260,144,absence
495,1134630,3924292.387,31,487,245,-79,108,absence
496,-660370,3924292.387,15,150,164,-161,143,absence
497,-2065370,3919292.387,5,44,56,-263,145,absence
498,1179630,3914292.387,34,517,233,-86,106,absence
499,-1500370,3909292.387,2,104,36,-267,142,absence
500,-1510370,3909292.387,2,102,38,-266,142,absence
501,979630,3909292.387,23,384,265,-62,108,absence
502,129630,3909292.387,9,251,171,-139,114,absence
503,309630,3909292.387,11,281,198,-125,113,absence
504,-835370,3904292.387,5,111,84,-235,142,absence
505,-310370,3904292.387,6,246,128,-182,138,absence
506,559630,3904292.387,16,324,207,-119,116,absence
507,279630,3889292.387,11,278,206,-114,110,absence
508,104630,3889292.387,9,236,196,-124,121,absence
509,-1440370,3889292.387,2,111,48,-255,143,absence
510,-1925370,3884292.387,5,58,63,-247,145,absence
511,809630,3879292.387,19,364,269,-70,127,absence
512,-1210370,3879292.387,2,139,39,-261,145,absence
513,-925370,3869292.387,3,116,73,-241,142,absence
514,34629.99999,3869292.387,9,222,174,-133,111,absence
515,-450370,3869292.387,5,184,115,-213,147,absence
516,479630,3869292.387,13,291,252,-90,121,absence
517,-395370,3864292.387,4,197,134,-199,151,absence
518,-1365370,3864292.387,2,124,44,-256,144,absence
519,534630,3859292.387,18,321,204,-114,109,absence
520,-410370,3859292.387,4,194,130,-204,151,absence
521,-2240370,3854292.387,5,32,108,-216,152,absence
522,1249630,3839292.387,40,569,248,-57,90,absence
523,-2050370,3839292.387,7,62,39,-268,143,absence
524,-540370,3834292.387,9,198,71,-238,136,absence
525,-565370,3829292.387,11,201,63,-242,134,absence
526,344630,3829292.387,16,315,212,-102,104,absence
527,584630,3824292.387,18,305,249,-80,114,absence
528,-315370,3824292.387,7,258,120,-195,149,absence
529,-1395370,3824292.387,2,130,46,-254,143,absence
530,-1830370,3819292.387,6,75,60,-240,144,absence
531,734630,3819292.387,30,414,201,-121,115,absence
532,-1740370,3819292.387,6,88,25,-271,141,absence
533,-585370,3814292.387,11,200,63,-242,134,absence
534,-275370,3809292.387,8,275,122,-186,146,absence
535,-2085370,3809292.387,7,62,59,-246,145,absence
536,759630,3809292.387,20,339,269,-57,120,absence
537,24629.99999,3804292.387,11,252,177,-113,102,absence
538,-2190370,3804292.387,6,47,102,-214,153,absence
539,354630,3804292.387,17,319,225,-92,104,absence
540,-1005370,3799292.387,5,190,37,-257,139,absence
541,-1260370,3799292.387,2,159,32,-267,145,absence
542,-1020370,3784292.387,3,182,62,-236,141,absence
543,-55370.00002,3784292.387,11,265,151,-131,105,absence
544,-970370,3784292.387,6,190,42,-256,139,absence
545,-1955370,3779292.387,8,78,35,-258,141,absence
546,-675370,3779292.387,11,207,63,-240,136,absence
547,154630,3779292.387,12,345,191,-103,108,absence
548,724630,3774292.387,24,332,266,-56,118,absence
549,-1225370,3774292.387,2,170,43,-258,147,absence
550,739630,3774292.387,24,337,267,-55,117,absence
551,459630,3774292.387,18,294,249,-79,106,absence
552,-1075370,3769292.387,4,204,39,-255,142,absence
553,-1430370,3764292.387,3,138,45,-251,141,absence
554,-1835370,3764292.387,8,84,45,-246,141,absence
555,1084630,3764292.387,42,455,268,-46,104,absence
556,-2425370,3759292.387,37,165,30,-242,116,absence
557,-690370,3759292.387,10,209,73,-230,138,absence
558,319630,3759292.387,21,347,202,-91,91,absence
559,-1900370,3759292.387,8,79,79,-211,144,absence
560,-2230370,3754292.387,8,65,97,-216,152,absence
561,-2340370,3754292.387,21,104,72,-224,137,absence
562,214630,3749292.387,15,339,215,-76,99,absence
563,-1335370,3749292.387,3,160,20,-275,141,absence
564,109630,3744292.387,13,339,177,-102,99,absence
565,-1010370,3739292.387,5,206,58,-240,142,absence
566,529630,3739292.387,21,287,238,-81,104,absence
567,-505370,3739292.387,12,261,40,-261,136,absence
568,654630,3739292.387,28,321,253,-75,123,absence
569,-495370,3734292.387,12,261,46,-256,137,absence
570,-1175370,3734292.387,2,192,53,-251,150,absence
571,569630,3729292.387,23,292,242,-80,111,absence
572,1014630,3729292.387,45,423,267,-45,105,absence
573,-1515370,3729292.387,4,133,49,-243,139,absence
574,369630,3729292.387,18,294,264,-65,105,absence
575,-930370,3724292.387,6,213,59,-241,140,absence
576,-1395370,3724292.387,3,153,38,-255,140,absence
577,-2260370,3719292.387,12,85,106,-203,151,absence
578,-1180370,3719292.387,2,194,61,-245,152,absence
579,-1380370,3719292.387,3,157,43,-252,141,absence
580,-1570370,3719292.387,4,126,57,-234,140,absence
581,-315370,3719292.387,10,330,93,-211,153,absence
582,239630,3719292.387,19,362,210,-75,92,absence
583,1114630,3714292.387,49,444,268,-40,98,absence
584,-1500370,3709292.387,4,139,47,-243,139,absence
585,-1315370,3709292.387,3,172,42,-254,143,absence
586,14629.99999,3709292.387,10,290,218,-72,108,absence
587,269630,3699292.387,18,338,239,-60,97,absence
588,-530370,3694292.387,12,265,47,-251,136,absence
589,-65370.00002,3694292.387,13,310,147,-122,113,absence
590,39629.99999,3694292.387,13,306,201,-77,102,absence
591,1059630,3689292.387,52,430,271,-37,100,absence
592,1139630,3689292.387,56,418,269,-35,96,absence
593,1299630,3684292.387,78,471,259,-31,86,absence
594,-1615370,3684292.387,5,122,32,-254,138,absence
595,-415370,3684292.387,12,318,52,-251,143,absence
596,1304630,3679292.387,80,468,259,-30,86,absence
597,-835370,3679292.387,8,243,77,-228,145,absence
598,-885370,3674292.387,9,248,58,-241,140,absence
599,-2225370,3674292.387,20,139,74,-211,141,absence
600,-1315370,3669292.387,3,182,40,-255,143,absence
601,-815370,3664292.387,10,254,66,-234,143,absence
602,824630,3659292.387,44,388,266,-42,108,absence
603,-385370,3659292.387,13,347,48,-251,144,absence
604,-1295370,3659292.387,4,187,35,-261,143,absence
605,24629.99999,3649292.387,12,303,212,-59,101,absence
606,-35370.00002,3649292.387,17,342,127,-131,108,absence
607,-145370,3644292.387,17,370,73,-207,134,absence
608,-905370,3644292.387,9,265,60,-235,138,absence
609,1429630,3644292.387,89,511,254,-20,82,absence
610,-1840370,3644292.387,11,104,64,-211,140,absence
611,249630,3639292.387,22,381,234,-49,92,absence
612,484630,3639292.387,30,354,233,-65,101,absence
613,-1265370,3634292.387,5,200,14,-281,143,absence
614,-850370,3634292.387,10,272,58,-236,139,absence
615,-30370.00002,3629292.387,14,326,155,-103,109,absence
616,-2325370,3629292.387,64,308,121,-129,125,absence
617,-2290370,3629292.387,37,225,47,-217,127,absence
618,724630,3624292.387,40,385,259,-50,112,absence
619,669630,3624292.387,40,396,239,-69,113,absence
620,14629.99999,3624292.387,13,314,195,-65,99,absence
621,-1830370,3624292.387,11,107,49,-224,139,absence
622,-1665370,3619292.387,6,131,63,-218,139,absence
623,-175370,3619292.387,18,392,59,-224,138,absence
624,214630,3614292.387,25,454,174,-81,81,absence
625,-755370,3614292.387,10,272,70,-219,143,absence
626,339630,3609292.387,34,464,171,-86,76,absence
627,-1540370,3609292.387,5,152,52,-230,136,absence
628,1104630,3609292.387,65,425,275,-28,94,absence
629,-2025370,3609292.387,21,137,77,-177,135,absence
630,-2280370,3609292.387,41,246,44,-214,125,absence
631,-945370,3609292.387,10,281,40,-249,136,absence
632,-1985370,3604292.387,19,128,42,-218,134,absence
633,1214630,3604292.387,80,442,269,-26,89,absence
634,1359630,3604292.387,97,491,261,-23,86,absence
635,-1660370,3599292.387,6,133,58,-221,139,absence
636,-1170370,3594292.387,5,236,35,-266,147,absence
637,-1165370,3594292.387,5,239,44,-258,148,absence
638,404630,3594292.387,36,442,191,-74,79,absence
639,-2320370,3594292.387,73,383,112,-127,119,absence
640,-615370,3589292.387,11,285,61,-224,141,absence
641,1124630,3589292.387,72,449,274,-27,93,absence
642,1249630,3584292.387,88,447,267,-25,87,absence
643,-1070370,3584292.387,8,272,61,-237,144,absence
644,-1905370,3579292.387,16,118,65,-194,137,absence
645,-495370,3574292.387,14,335,55,-233,140,absence
646,-1785370,3574292.387,10,118,52,-219,139,absence
647,-1440370,3569292.387,3,182,64,-219,135,absence
648,-2090370,3564292.387,32,186,56,-187,128,absence
649,-1750370,3564292.387,9,129,75,-197,140,absence
650,1249630,3559292.387,94,454,266,-22,87,absence
651,-1745370,3559292.387,9,133,78,-194,140,absence
652,-1160370,3559292.387,7,248,34,-266,146,absence
653,-1700370,3554292.387,7,151,94,-179,141,absence
654,-540370,3544292.387,12,325,68,-216,142,absence
655,1389630,3544292.387,117,490,262,-15,81,absence
656,-1830370,3544292.387,14,122,28,-236,136,absence
657,539630,3539292.387,43,382,254,-38,110,absence
658,-125370,3539292.387,18,334,117,-156,146,absence
659,-1465370,3539292.387,3,193,79,-199,134,absence
660,1389630,3534292.387,118,491,263,-13,80,absence
661,-1880370,3534292.387,16,124,38,-219,135,absence
662,-1140370,3534292.387,7,256,25,-272,145,absence
663,1234630,3534292.387,99,468,268,-21,87,absence
664,-2105370,3534292.387,37,212,36,-201,124,absence
665,114630,3529292.387,19,447,213,-36,86,absence
666,699630,3529292.387,47,411,267,-31,102,absence
667,-1665370,3524292.387,6,162,90,-183,140,absence
668,-340370,3524292.387,15,379,101,-195,160,absence
669,-2165370,3519292.387,47,271,49,-179,120,absence
670,-1755370,3514292.387,10,137,76,-192,141,absence
671,-1985370,3514292.387,27,155,36,-206,129,absence
672,-695370,3509292.387,11,305,61,-213,144,absence
673,-1830370,3509292.387,14,125,40,-222,137,absence
674,1224630,3509292.387,105,480,267,-21,86,absence
675,1094630,3509292.387,84,380,273,-21,91,absence
676,-995370,3499292.387,12,304,32,-251,136,absence
677,1319630,3499292.387,116,468,269,-13,81,absence
678,-2120370,3499292.387,44,242,14,-216,120,absence
679,-1320370,3494292.387,5,222,69,-221,141,absence
680,1249630,3494292.387,112,459,271,-17,87,absence
681,-1025370,3489292.387,10,311,59,-227,139,absence
682,-575370,3489292.387,12,329,76,-200,145,absence
683,-125370,3489292.387,20,337,130,-138,152,absence
684,-1335370,3489292.387,5,225,76,-209,140,absence
685,-1320370,3484292.387,5,228,75,-213,142,absence
686,-420370,3484292.387,16,375,92,-206,156,absence
687,-95370.00002,3484292.387,25,393,104,-156,136,absence
688,-1000370,3479292.387,12,312,46,-236,136,absence
689,-960370,3479292.387,12,321,53,-225,134,absence
690,-315370,3479292.387,17,403,93,-197,158,absence
691,-1590370,3479292.387,5,196,92,-181,136,absence
692,1469630,3474292.387,122,476,261,0,72,absence
693,-365370,3474292.387,17,400,82,-211,156,absence
694,1399630,3474292.387,125,465,264,-3,78,absence
695,-1500370,3474292.387,3,210,88,-184,131,absence
696,514630,3469292.387,47,423,229,-45,98,absence
697,749630,3469292.387,64,447,256,-32,93,absence
698,1194630,3464292.387,109,414,274,-13,83,absence
699,1039630,3464292.387,105,456,271,-16,92,absence
700,-1355370,3464292.387,4,223,79,-203,137,absence
701,44629.99999,3459292.387,17,482,231,-10,90,absence
702,-2020370,3459292.387,36,190,41,-184,124,absence
703,-2145370,3459292.387,54,298,34,-181,115,absence
704,-1345370,3459292.387,5,213,64,-220,138,absence
705,-900370,3459292.387,13,325,42,-229,133,absence
706,-1355370,3454292.387,4,216,72,-210,137,absence
707,589630,3454292.387,68,423,265,-25,102,absence
708,-1180370,3449292.387,7,261,54,-247,150,absence
709,-225370,3449292.387,21,426,86,-187,150,absence
710,-285370,3449292.387,18,409,99,-181,158,absence
711,-505370,3439292.387,14,369,68,-210,146,absence
712,-480370,3439292.387,14,371,84,-199,150,absence
713,644630,3439292.387,69,392,269,-19,97,absence
714,-1560370,3439292.387,3,196,78,-195,133,absence
715,904630,3434292.387,99,492,269,-17,90,absence
716,-435370,3434292.387,15,388,84,-208,154,absence
717,-750370,3434292.387,9,313,113,-158,150,absence
718,1109630,3434292.387,114,443,269,-10,86,absence
719,-1655370,3434292.387,6,182,91,-183,142,absence
720,-70370.00002,3429292.387,23,409,147,-94,124,absence
721,-1435370,3429292.387,3,200,63,-210,132,absence
722,749630,3424292.387,69,428,269,-17,92,absence
723,809630,3424292.387,90,502,252,-29,86,absence
724,-980370,3424292.387,12,356,101,-171,135,absence
725,-690370,3424292.387,9,309,105,-163,151,absence
726,-1860370,3419292.387,18,138,62,-186,137,absence
727,-1915370,3419292.387,24,150,28,-212,131,absence
728,-1715370,3409292.387,7,149,58,-215,143,absence
729,-1395370,3409292.387,3,204,64,-212,134,absence
730,-375370,3409292.387,15,390,110,-176,159,absence
731,1129630,3404292.387,111,466,273,1,84,absence
732,274630,3399292.387,29,634,237,-5,86,absence
733,284630,3399292.387,32,630,228,-12,84,absence
734,874630,3399292.387,103,511,266,-17,87,absence
735,809630,3394292.387,91,469,272,-13,87,absence
736,379630,3389292.387,51,578,193,-44,75,absence
737,-1490370,3389292.387,3,209,78,-193,133,absence
738,-1385370,3384292.387,3,215,77,-198,136,absence
739,834630,3384292.387,97,483,272,-11,86,absence
740,1484630,3384292.387,121,439,265,7,77,absence
741,184630,3379292.387,35,563,263,22,82,absence
742,-1550370,3374292.387,3,178,49,-226,137,absence
743,-15370.00002,3374292.387,20,578,255,19,80,absence
744,-1220370,3374292.387,5,239,54,-240,149,absence
745,-1335370,3369292.387,3,226,80,-202,142,absence
746,509630,3369292.387,66,503,201,-48,81,absence
747,-1980370,3364292.387,35,174,68,-144,123,absence
748,-310370,3364292.387,19,455,81,-189,147,absence
749,1089630,3364292.387,145,649,233,-27,79,absence
750,-10370.00002,3364292.387,23,585,253,19,78,absence
751,-410370,3349292.387,14,407,97,-176,151,absence
752,-200370,3349292.387,17,387,168,-69,127,absence
753,779630,3344292.387,94,458,265,-12,83,absence
754,-1930370,3344292.387,26,171,9,-222,128,absence
755,84629.99999,3339292.387,37,555,258,28,76,absence
756,684630,3329292.387,82,434,271,-2,86,absence
757,-1950370,3329292.387,29,165,60,-157,126,absence
758,-275370,3324292.387,16,410,129,-123,140,absence
759,1214630,3324292.387,140,566,275,2,77,absence
760,-250370,3324292.387,21,486,92,-160,135,absence
761,49629.99999,3319292.387,34,554,258,30,73,absence
762,899630,3319292.387,115,548,282,2,83,absence
763,1234630,3319292.387,156,631,252,-14,74,absence
764,-1930370,3314292.387,27,170,29,-196,128,absence
765,1364630,3314292.387,173,635,210,-45,73,absence
766,1014630,3309292.387,148,684,244,-21,81,absence
767,1139630,3309292.387,127,565,278,7,75,absence
768,-900370,3304292.387,12,361,114,-133,134,absence
769,-300370,3299292.387,16,427,118,-135,140,absence
770,1299630,3294292.387,167,629,256,-10,77,absence
771,804630,3294292.387,107,484,276,-1,81,absence
772,1314630,3289292.387,178,693,222,-33,72,absence
773,-225370,3289292.387,26,549,84,-159,123,absence
774,1054630,3284292.387,145,603,272,3,82,absence
775,-1070370,3284292.387,8,257,31,-238,140,absence
776,339630,3284292.387,50,514,285,41,82,absence
777,-280370,3284292.387,13,328,184,-45,114,absence
778,-1375370,3279292.387,1,243,114,-158,145,absence
779,1134630,3279292.387,136,574,279,7,76,absence
780,-270370,3279292.387,20,500,95,-152,130,absence
781,-1805370,3279292.387,11,161,62,-195,145,absence
782,914630,3274292.387,129,578,283,7,81,absence
783,-1590370,3269292.387,2,205,93,-190,152,absence
784,-1865370,3264292.387,19,173,68,-167,137,absence
785,-1320370,3264292.387,2,233,107,-168,147,absence
786,-350370,3259292.387,16,497,77,-179,139,absence
787,709630,3259292.387,99,431,272,5,80,absence
788,1444630,3259292.387,162,537,274,7,82,absence
789,-1405370,3244292.387,1,173,49,-227,144,absence
790,-1845370,3239292.387,16,177,40,-203,140,absence
791,1204630,3239292.387,165,735,263,-1,79,absence
792,-505370,3239292.387,10,418,60,-192,138,absence
793,-1520370,3229292.387,0,314,143,-131,155,absence
794,789630,3224292.387,128,498,276,5,76,absence
795,249630,3224292.387,69,535,252,22,72,absence
796,4629.999985,3219292.387,39,525,252,33,67,absence
797,-480370,3214292.387,10,440,70,-182,139,absence
798,-1000370,3214292.387,8,283,86,-160,134,absence
799,-495370,3214292.387,10,421,73,-177,139,absence
800,-1665370,3214292.387,6,300,128,-148,157,absence
801,1479630,3209292.387,157,559,268,7,82,absence
802,-975370,3209292.387,10,370,148,-79,128,absence
803,-1250370,3204292.387,2,189,64,-211,149,absence
804,-1690370,3199292.387,3,178,62,-218,155,absence
805,-1230370,3194292.387,2,189,61,-213,149,absence
806,-800370,3174292.387,15,330,50,-184,128,absence
807,1129630,3169292.387,173,698,282,14,85,absence
808,74629.99999,3169292.387,58,471,271,49,65,absence
809,639630,3159292.387,120,513,276,14,78,absence
810,-945370,3154292.387,14,405,140,-79,125,absence
811,-230370,3149292.387,27,663,246,33,86,absence
812,914630,3149292.387,169,703,249,-13,85,absence
813,1384630,3144292.387,177,676,252,0,81,absence
814,1039630,3144292.387,140,552,282,17,79,absence
815,-900370,3144292.387,14,359,102,-124,127,absence
816,-1055370,3144292.387,6,285,119,-119,136,absence
817,414630,3144292.387,97,648,226,-5,75,absence
818,609630,3139292.387,127,555,264,6,77,absence
819,659630,3139292.387,134,513,276,12,75,absence
820,-175370,3134292.387,45,838,241,29,76,absence
821,1394630,3134292.387,184,718,234,-13,78,absence
822,-1670370,3129292.387,6,244,84,-184,152,absence
823,1454630,3129292.387,154,605,274,19,84,absence
824,64629.99999,3114292.387,65,504,267,51,65,absence
825,-665370,3109292.387,15,341,104,-116,122,absence
826,189630,3109292.387,64,493,262,39,68,absence
827,-1205370,3109292.387,2,190,70,-195,148,absence
828,-560370,3104292.387,11,349,99,-130,128,absence
829,734630,3104292.387,162,556,281,14,70,absence
830,-330370,3104292.387,19,626,47,-190,127,absence
831,574630,3104292.387,131,604,255,2,77,absence
832,1059630,3099292.387,104,345,282,20,77,absence
833,-720370,3099292.387,18,358,72,-148,121,absence
834,-1660370,3094292.387,6,216,26,-231,142,absence
835,479630,3089292.387,105,639,265,16,83,absence
836,-120370,3089292.387,52,734,253,43,76,absence
837,934630,3084292.387,170,687,262,-2,91,absence
838,-580370,3084292.387,15,335,108,-110,121,absence
839,509630,3074292.387,123,651,244,-2,78,absence
840,1214630,3069292.387,184,867,282,23,87,absence
841,-830370,3069292.387,20,431,100,-115,120,absence
842,669630,3069292.387,161,555,280,15,74,absence
843,-1045370,3064292.387,34,1004,212,8,114,absence
844,-180370,3064292.387,30,576,219,10,87,absence
845,479630,3064292.387,113,637,256,8,82,absence
846,-1185370,3059292.387,4,209,76,-181,146,absence
847,489630,3059292.387,119,645,246,0,80,absence
848,-535370,3054292.387,16,376,146,-74,126,absence
849,-60370.00002,3054292.387,58,627,261,51,73,absence
850,244630,3049292.387,72,531,236,13,70,absence
851,-170370,3039292.387,39,702,158,-46,86,absence
852,1329630,3034292.387,189,886,241,7,81,absence
853,-435370,3029292.387,9,463,168,-63,139,absence
854,-590370,3024292.387,28,359,100,-101,107,absence
855,-805370,3024292.387,34,832,168,-31,111,absence
856,-585370,3024292.387,23,406,55,-158,116,absence
857,34629.99999,3014292.387,75,523,269,59,69,absence
858,1274630,3014292.387,191,952,254,19,82,absence
859,89629.99999,3004292.387,70,496,253,38,69,absence
860,419630,2999292.387,101,560,254,10,82,absence
861,924630,2994292.387,187,694,271,13,85,absence
862,1174630,2984292.387,179,875,274,23,83,absence
863,1239630,2974292.387,183,965,259,29,81,absence
864,689630,2974292.387,180,596,279,15,74,absence
865,-315370,2974292.387,14,606,157,-57,127,absence
866,1329630,2974292.387,170,870,257,27,86,absence
867,824630,2964292.387,193,649,274,12,80,absence
868,1379630,2959292.387,172,797,224,9,76,absence
869,1089630,2959292.387,163,756,281,23,80,absence
870,234630,2954292.387,69,521,241,17,75,absence
871,-1180370,2949292.387,43,1169,235,41,106,absence
872,1059630,2949292.387,161,720,282,23,82,absence
873,519630,2934292.387,153,619,261,10,80,absence
874,1249630,2934292.387,164,884,274,40,91,absence
875,-440370,2929292.387,13,551,162,-47,126,absence
876,639630,2924292.387,176,600,275,17,76,absence
877,1369630,2919292.387,156,755,244,31,79,absence
878,1429630,2919292.387,139,644,273,56,78,absence
879,649630,2914292.387,177,597,276,19,76,absence
880,-135370,2914292.387,31,593,150,-54,96,absence
881,-1255370,2909292.387,42,1271,268,88,98,absence
882,344630,2904292.387,84,507,246,11,79,absence
883,-320370,2904292.387,15,645,158,-49,123,absence
884,984630,2899292.387,168,670,290,32,83,absence
885,1279630,2894292.387,149,827,279,57,90,absence
886,469630,2894292.387,136,580,265,18,80,absence
887,79629.99999,2889292.387,60,515,215,5,76,absence
888,69629.99999,2889292.387,59,518,208,1,76,absence
889,1464630,2884292.387,142,576,265,61,66,absence
890,349630,2879292.387,88,495,250,13,82,absence
891,-225370,2879292.387,28,717,110,-92,109,absence
892,1414630,2859292.387,143,654,239,42,69,absence
893,654630,2854292.387,188,603,271,18,74,absence
894,1219630,2849292.387,161,842,254,33,89,absence
895,1314630,2839292.387,134,682,282,70,84,absence
896,499630,2834292.387,160,596,260,15,80,absence
897,639630,2834292.387,192,608,268,18,74,absence
898,464630,2829292.387,142,572,263,19,82,absence
899,1004630,2829292.387,157,712,270,25,82,absence
900,1004630,2824292.387,159,732,262,19,82,absence
901,524630,2814292.387,175,610,259,15,79,absence
902,1354630,2809292.387,130,637,254,57,74,absence
903,604630,2809292.387,195,681,222,-13,71,absence
904,119630,2809292.387,63,596,230,18,79,absence
905,-20370.00002,2804292.387,44,556,199,0,88,absence
906,239630,2799292.387,81,574,238,17,79,absence
907,699630,2799292.387,198,589,287,34,76,absence
908,1284630,2799292.387,143,731,242,43,81,absence
909,-480370,2789292.387,27,612,185,-1,114,absence
910,-465370,2784292.387,45,530,221,33,115,absence
911,259630,2784292.387,85,577,239,19,80,absence
912,-55370.00002,2764292.387,42,585,190,-5,93,absence
913,1209630,2764292.387,147,805,248,40,89,absence
914,-335370,2759292.387,22,595,212,14,122,absence
915,404630,2759292.387,128,585,244,12,83,absence
916,1014630,2749292.387,135,708,281,43,84,absence
917,1289630,2739292.387,128,692,250,59,78,absence
918,954630,2734292.387,137,721,270,34,82,absence
919,-600370,2734292.387,59,701,173,-18,110,absence
920,879630,2724292.387,157,737,245,12,79,absence
921,229630,2724292.387,81,626,238,26,80,absence
922,-375370,2719292.387,27,561,208,18,118,absence
923,1269630,2714292.387,128,736,236,49,77,absence
924,369630,2714292.387,118,621,245,22,82,absence
925,314630,2714292.387,103,612,247,28,81,absence
926,1624630,2714292.387,185,939,266,114,65,absence
927,-145370,2714292.387,34,487,212,17,109,absence
928,-370370,2709292.387,27,576,200,12,117,absence
929,584630,2704292.387,179,722,242,12,77,absence
930,1009630,2699292.387,131,732,283,51,86,absence
931,34629.99999,2694292.387,63,694,223,27,84,absence
932,1664630,2689292.387,355,1138,133,2,70,absence
933,229630,2689292.387,86,647,241,32,82,absence
934,724630,2689292.387,167,658,275,35,79,absence
935,-390370,2684292.387,32,589,190,7,115,absence
936,349630,2674292.387,121,679,232,16,79,absence
937,779630,2669292.387,135,667,274,35,82,absence
938,1304630,2669292.387,109,700,240,63,69,absence
939,-600370,2664292.387,60,648,178,-13,112,absence
940,1279630,2659292.387,115,647,280,92,68,absence
941,1299630,2654292.387,107,599,276,93,65,absence
942,19629.99999,2654292.387,66,711,212,18,85,absence
943,269630,2654292.387,103,672,244,36,80,absence
944,514630,2649292.387,163,936,280,51,89,absence
945,1674630,2639292.387,223,808,237,113,70,absence
946,1254630,2629292.387,111,658,276,92,65,absence
947,1564630,2629292.387,37,737,277,124,72,absence
948,-495370,2629292.387,52,545,209,26,112,absence
949,-185370,2624292.387,41,562,218,31,107,absence
950,1329630,2624292.387,86,465,281,107,55,absence
951,-15370.00002,2619292.387,60,668,232,39,94,absence
952,-280370,2614292.387,36,553,210,29,109,absence
953,-750370,2604292.387,49,1038,242,56,116,absence
954,-150370,2604292.387,46,564,207,19,106,absence
955,1554630,2584292.387,46,776,279,130,74,absence
956,89629.99999,2579292.387,42,686,259,64,93,absence
957,1074630,2574292.387,121,706,277,73,85,absence
958,479630,2569292.387,140,748,284,67,83,absence
959,1224630,2554292.387,98,628,278,103,60,absence
960,609630,2554292.387,135,712,280,63,84,absence
961,874630,2544292.387,127,998,280,71,87,absence
962,39629.99999,2544292.387,45,687,265,74,96,absence
963,704630,2544292.387,126,702,275,62,84,absence
964,-615370,2524292.387,48,801,213,25,120,absence
965,264630,2514292.387,108,745,273,77,81,absence
966,404630,2509292.387,127,719,277,73,77,absence
967,-390370,2509292.387,46,673,207,31,112,absence
968,-265370,2509292.387,46,631,205,33,106,absence
969,374630,2504292.387,130,764,280,78,77,absence
970,214630,2504292.387,85,692,266,74,85,absence
971,-205370,2499292.387,45,601,211,39,104,absence
972,29629.99999,2484292.387,49,670,231,45,93,absence
973,469630,2464292.387,121,611,283,85,76,absence
974,264630,2464292.387,111,778,269,78,81,absence
975,-315370,2464292.387,49,577,259,88,112,absence
976,149630,2464292.387,57,652,277,92,88,absence
977,-235370,2449292.387,49,699,210,44,103,absence
978,-125370,2449292.387,53,696,194,29,90,absence
979,379630,2429292.387,129,781,282,88,75,absence
980,-235370,2419292.387,45,685,241,80,107,absence
981,789630,2409292.387,105,733,287,103,74,absence
982,784630,2409292.387,106,734,287,103,74,absence
983,959630,2404292.387,100,1066,281,108,71,absence
984,804630,2399292.387,100,767,278,97,73,absence
985,349630,2399292.387,118,735,277,88,75,absence
986,139630,2399292.387,75,872,252,76,82,absence
987,639630,2399292.387,106,736,283,93,85,absence
988,-380370,2399292.387,58,914,212,41,113,absence
989,674630,2394292.387,104,745,285,98,83,absence
990,729630,2384292.387,99,774,281,98,76,absence
991,-240370,2379292.387,54,863,215,59,101,absence
992,-240370,2374292.387,52,784,258,103,107,absence
993,189630,2354292.387,82,773,270,89,85,absence
994,594630,2349292.387,101,787,270,89,83,absence
995,759630,2324292.387,91,884,280,109,66,absence
996,269630,2299292.387,113,963,278,104,76,absence
997,329630,2294292.387,116,1095,265,90,72,absence
998,624630,2264292.387,99,847,285,119,71,absence
999,564630,2139292.387,84,629,283,136,64,absence
1000,489630,1919292.387,50,852,257,135,74,absence
